{"cameraMode":{"drawMode":0,"name":"Shaded","section":"Shading Mode"},"sceneLighting":false,"audioPlay":false,"sceneViewState":{"showFog":true,"showMaterialUpdate":false,"showSkybox":false,"showFlares":true,"showImageEffects":true,"showParticleSystems":true},"in2DMode":false,"pivot":{"x":-1.4435499906539917e-8,"y":2.2351741790771486e-8,"z":0.005166981369256973},"rotation":{"x":-0.05170786753296852,"y":0.8795730471611023,"z":-0.09831121563911438,"w":-0.46261972188949587},"size":0.11114325374364853,"orthographic":false}