{"cameraMode":{"drawMode":0,"name":"Shaded","section":"Shading Mode"},"sceneLighting":false,"audioPlay":false,"sceneViewState":{"showFog":true,"showMaterialUpdate":false,"showSkybox":false,"showFlares":true,"showImageEffects":true,"showParticleSystems":true},"in2DMode":false,"pivot":{"x":-0.46553611755371096,"y":1.4534173011779786,"z":-25.609067916870118},"rotation":{"x":-0.007125685457140207,"y":-0.8764139413833618,"z":0.01287656556814909,"w":-0.4813610315322876},"size":5.525916576385498,"orthographic":false}