{"cameraMode":{"drawMode":0,"name":"Shaded","section":"Shading Mode"},"sceneLighting":true,"audioPlay":false,"sceneViewState":{"showFog":true,"showMaterialUpdate":false,"showSkybox":true,"showFlares":true,"showImageEffects":true,"showParticleSystems":true},"in2DMode":false,"pivot":{"x":-7.247976303100586,"y":1.5155713558197022,"z":-20.988500595092775},"rotation":{"x":-0.014246184378862381,"y":0.7657376527786255,"z":-0.017046574503183366,"w":-0.642793595790863},"size":5.825916767120361,"orthographic":false}