{"cameraMode":{"drawMode":0,"name":"Shaded","section":"Shading Mode"},"sceneLighting":false,"audioPlay":false,"sceneViewState":{"showFog":true,"showMaterialUpdate":false,"showSkybox":false,"showFlares":true,"showImageEffects":true,"showParticleSystems":true},"in2DMode":false,"pivot":{"x":0.0995752364397049,"y":0.27277788519859316,"z":0.4479028284549713},"rotation":{"x":0.00424165278673172,"y":0.9952647686004639,"z":-0.051111508160829547,"w":0.08259790390729904},"size":0.3043338358402252,"orthographic":false}