{"cameraMode":{"drawMode":0,"name":"Shaded","section":"Shading Mode"},"sceneLighting":true,"audioPlay":false,"sceneViewState":{"showFog":true,"showMaterialUpdate":false,"showSkybox":false,"showFlares":true,"showImageEffects":true,"showParticleSystems":true},"in2DMode":false,"pivot":{"x":-0.008402221836149693,"y":-0.11781524121761322,"z":0.7827528119087219},"rotation":{"x":-0.02103758230805397,"y":0.38618287444114687,"z":-0.008809741586446762,"w":-0.9221429824829102},"size":0.6589401960372925,"orthographic":false}