{"cameraMode":{"drawMode":0,"name":"Shaded","section":"Shading Mode"},"sceneLighting":false,"audioPlay":false,"sceneViewState":{"showFog":true,"showMaterialUpdate":false,"showSkybox":false,"showFlares":true,"showImageEffects":true,"showParticleSystems":true},"in2DMode":false,"pivot":{"x":-0.951553225517273,"y":1.0,"z":-22.28607940673828},"rotation":{"x":-0.23888231813907624,"y":-0.006354594137519598,"z":0.0015194556908681989,"w":-0.9710364937782288},"size":6.976378917694092,"orthographic":false}